<?xml version="1.0" encoding="utf-8"?>
<!--/1873735/744555/2.49/2/4/LED/-->
<quadcept_library>
  <setting unit="mil" />
  <textstyle name="Default" height="47.244094488189" strokewidth="7.8740157480315" charwidth="47.244094488189" />
  <textstyle name="Dimension" height="19.6850393700787" strokewidth="0" charwidth="19.6850393700787" />
  <textstyle name="H127W0635TH00762" height="50" strokewidth="3" charwidth="25" />
  <textstyle name="H15W15TH02" height="59.0551181102362" strokewidth="7.8740157480315" charwidth="59.0551181102362" />
  <padstyle name="c152.1_h97.782" surface="False" plated="True" isvia="False" nopaste="True" nomask="True" complex="False" holesize="38.4968503937">
    <padshape layer="TOP" shape="round" width="59.881889763779" height="59.881889763779" />
    <padshape layer="TOP_SOLDER_MASK" shape="round" width="67.75590551181" height="67.75590551181" />
    <padshape layer="INNER" shape="round" width="59.881889763779" height="59.881889763779" />
    <padshape layer="BOTTOM" shape="round" width="59.881889763779" height="59.881889763779" />
    <padshape layer="BOTTOM_SOLDER_MASK" shape="round" width="67.75590551181" height="67.75590551181" />
  </padstyle>
  <footprint name="NSPW500BS" originx="0" originy="0" pickpointx="0" pickpointy="0">
    <pcbpin number="1" name="1" style="c152.1_h97.782" originx="0" originy="0" rotation="90" />
    <pcbpin number="2" name="2" style="c152.1_h97.782" originx="0" originy="98.425196850392" rotation="90" />
    <line layer="TOP_PLACE_BOUND" originx="-149.6062992126" originy="198.81889763779" endx="149.6062992126" endy="198.81889763779" width="3.9370078740157" />
    <line layer="TOP_PLACE_BOUND" originx="149.6062992126" originy="198.81889763779" endx="149.6062992126" endy="-133.85826771653" width="3.9370078740157" />
    <line layer="TOP_PLACE_BOUND" originx="149.6062992126" originy="-133.85826771653" endx="-149.6062992126" endy="-133.85826771653" width="3.9370078740157" />
    <line layer="TOP_PLACE_BOUND" originx="-149.6062992126" originy="-133.85826771653" endx="-149.6062992126" endy="198.81889763779" width="3.9370078740157" />
    <line layer="TOP_ASSEMBLY" originx="-110.23622047244" originy="49.212598425196" endx="-110.23622047244" endy="49.212598425196" width="7.8740157480314" />
    <arc layer="TOP_ASSEMBLY" originx="0" originy="49.212598425196" startangle="180.0" sweepangle="180.0" radius="110.23622047244" width="7.8740157480314" />
    <line layer="TOP_ASSEMBLY" originx="110.23622047244" originy="49.212598425196" endx="110.23622047244" endy="49.212598425196" width="7.8740157480314" />
    <arc layer="TOP_ASSEMBLY" originx="0" originy="49.212598425196" startangle=".0" sweepangle="180.0" radius="110.23622047244" width="7.8740157480314" />
    <line layer="TOP_SILKSCREEN" originx="-110.23622047244" originy="49.212598425196" endx="-110.23622047244" endy="49.212598425196" width="3.9370078740157" />
    <arc layer="TOP_SILKSCREEN" originx="0" originy="49.212598425196" startangle="180.0" sweepangle="180.0" radius="110.23622047244" width="3.9370078740157" />
    <line layer="TOP_SILKSCREEN" originx="110.23622047244" originy="49.212598425196" endx="110.23622047244" endy="49.212598425196" width="3.9370078740157" />
    <arc layer="TOP_SILKSCREEN" originx="0" originy="49.212598425196" startangle=".0" sweepangle="180.0" radius="110.23622047244" width="3.9370078740157" />
    <line layer="TOP_SILKSCREEN" originx="0" originy="-90.551181102361" endx="0" endy="-90.551181102361" width="7.8740157480314" />
    <arc layer="TOP_SILKSCREEN" originx="1.6391087961985E-15" originy="-92.519685039369" startangle="90.0" sweepangle="180.0" radius="1.9685039370079" width="7.8740157480314" />
    <line layer="TOP_SILKSCREEN" originx="0" originy="-94.488188976377" endx="0" endy="-94.488188976377" width="7.8740157480314" />
    <arc layer="TOP_SILKSCREEN" originx="1.6391087961985E-15" originy="-92.519685039369" startangle="-90.0" sweepangle="180.0" radius="1.9685039370079" width="7.8740157480314" />
    <line layer="TOP_SILKSCREEN" originx="0" originy="-90.551181102361" endx="0" endy="-90.551181102361" width="7.8740157480314" />
    <arc layer="TOP_SILKSCREEN" originx="1.6391087961985E-15" originy="-92.519685039369" startangle="90.0" sweepangle="180.0" radius="1.9685039370079" width="7.8740157480314" />
  </footprint>
  <symbol name="NSPW500BS" originx="0" originy="0">
    <line originx="200" originy="100" endx="200" endy="-100" width="0" />
    <line originx="250" originy="100" endx="150" endy="200" width="0" />
    <line originx="350" originy="100" endx="250" endy="200" width="0" />
    <line originx="100" originy="0" endx="200" endy="0" width="0" />
    <line originx="400" originy="0" endx="500" endy="0" width="0" />
    <sympin number="1" originx="100" originy="0" rotation="180" length="100" width="7.8740157480315" flipped="False">
      <text name="pinname" originx="10" originy="-10" style="Default" rotation="0" justify="upperleft" flipped="False" hidden="True" data="K" />
      <text name="pindes" originx="60" originy="10" style="Default" rotation="0" justify="lowerright" flipped="False" hidden="False" data="1" />
    </sympin>
    <sympin number="2" originx="500" originy="0" rotation="0" length="100" width="7.8740157480315" flipped="False">
      <text name="pinname" originx="590" originy="-10" style="Default" rotation="0" justify="upperright" flipped="False" hidden="True" data="A" />
      <text name="pindes" originx="540" originy="10" style="Default" rotation="0" justify="lowerleft" flipped="False" hidden="False" data="2" />
    </sympin>
    <polygon type="polygon">
      <point x="200" y="0" />
      <point x="400" y="100" />
      <point x="400" y="-100" />
    </polygon>
    <polygon type="polygon">
      <point x="210" y="170" />
      <point x="180" y="140" />
      <point x="150" y="200" />
    </polygon>
    <polygon type="polygon">
      <point x="310" y="170" />
      <point x="280" y="140" />
      <point x="250" y="200" />
    </polygon>
  </symbol>
  <component name="NSPW500BS" designatorprefix="LED" height="523.62204724409" footprint="NSPW500BS">
    <comppin designator="1" sympin="1" pinswap="0" gateswap="0" gate="1" group="1" side="" type="Any" name="K" />
    <comppin designator="2" sympin="2" pinswap="0" gateswap="0" gate="1" group="1" side="" type="Any" name="A" />
    <attached_symbol gate="1" name="NSPW500BS" />
    <pinmap designator="1" footprintpin="1" />
    <pinmap designator="2" footprintpin="2" />
    <text name="Datasheet" originx="0" originy="0" style="Default" rotation="0" justify="" flipped="False" hidden="True" data="https://www.digchip.com/datasheets/parts/datasheet/1014/NSPW500BS-pdf.php" />
    <text name="Description" originx="0" originy="0" style="Default" rotation="0" justify="" flipped="False" hidden="True" data="4 V White LED Through Hole, Nichia NSPW500BS" />
    <text name="Manufacturer_Name" originx="0" originy="0" style="Default" rotation="0" justify="" flipped="False" hidden="True" data="NICHIA" />
    <text name="Manufacturer_Part_Number" originx="500" originy="250" style="Default" rotation="0" justify="lowerleft" flipped="False" hidden="False" data="NSPW500BS" />
    <text name="Mouser Part Number" originx="0" originy="0" style="Default" rotation="0" justify="" flipped="False" hidden="True" data="" />
    <text name="Mouser Price/Stock" originx="0" originy="0" style="Default" rotation="0" justify="" flipped="False" hidden="True" data="" />
    <text name="Arrow Part Number" originx="0" originy="0" style="Default" rotation="0" justify="" flipped="False" hidden="True" data="" />
    <text name="Arrow Price/Stock" originx="0" originy="0" style="Default" rotation="0" justify="" flipped="False" hidden="True" data="" />
  </component>
</quadcept_library>
