<?xml version="1.0" encoding="utf-8"?>
<!--/295723/744555/2.49/2/3/Zener Diode/-->
<quadcept_library>
  <setting unit="mil" />
  <textstyle name="Default" height="47.244094488189" strokewidth="7.8740157480315" charwidth="47.244094488189" />
  <textstyle name="Dimension" height="19.6850393700787" strokewidth="0" charwidth="19.6850393700787" />
  <textstyle name="H127W0635TH00762" height="50" strokewidth="3" charwidth="25" />
  <textstyle name="H15W15TH02" height="59.0551181102362" strokewidth="7.8740157480315" charwidth="59.0551181102362" />
  <padstyle name="c115_h75" surface="False" plated="True" isvia="False" nopaste="True" nomask="True" complex="False" holesize="29.527559055118">
    <padshape layer="TOP" shape="round" width="45.275590551181" height="45.275590551181" />
    <padshape layer="TOP_SOLDER_MASK" shape="round" width="53.149606299212" height="53.149606299212" />
    <padshape layer="INNER" shape="round" width="45.275590551181" height="45.275590551181" />
    <padshape layer="BOTTOM" shape="round" width="45.275590551181" height="45.275590551181" />
    <padshape layer="BOTTOM_SOLDER_MASK" shape="round" width="53.149606299212" height="53.149606299212" />
  </padstyle>
  <padstyle name="s115_h75" surface="False" plated="True" isvia="False" nopaste="True" nomask="True" complex="False" holesize="29.527559055118">
    <padshape layer="TOP" shape="square" width="45.275590551181" height="45.275590551181" />
    <padshape layer="TOP_SOLDER_MASK" shape="square" width="53.149606299212" height="53.149606299212" />
    <padshape layer="INNER" shape="round" width="45.275590551181" height="45.275590551181" />
    <padshape layer="BOTTOM" shape="square" width="45.275590551181" height="45.275590551181" />
    <padshape layer="BOTTOM_SOLDER_MASK" shape="square" width="53.149606299212" height="53.149606299212" />
  </padstyle>
  <footprint name="DIOAD1256W56L444D203" originx="0" originy="0" pickpointx="0" pickpointy="0">
    <pcbpin number="1" name="1" style="s115_h75" originx="0" originy="0" rotation="90" />
    <pcbpin number="2" name="2" style="c115_h75" originx="496.06299212598" originy="0" rotation="90" />
    <line layer="TOP_PLACE_BOUND" originx="-32.48031496063" originy="53.740157480314" endx="528.54330708661" endy="53.740157480314" width="1.9685039370079" />
    <line layer="TOP_PLACE_BOUND" originx="528.54330708661" originy="53.740157480314" endx="528.54330708661" endy="-53.740157480314" width="1.9685039370079" />
    <line layer="TOP_PLACE_BOUND" originx="528.54330708661" originy="-53.740157480314" endx="-32.48031496063" endy="-53.740157480314" width="1.9685039370079" />
    <line layer="TOP_PLACE_BOUND" originx="-32.48031496063" originy="-53.740157480314" endx="-32.48031496063" endy="53.740157480314" width="1.9685039370079" />
    <line layer="TOP_ASSEMBLY" originx="160.62992125984" originy="39.960629921259" endx="335.43307086614" endy="39.960629921259" width="3.9370078740157" />
    <line layer="TOP_ASSEMBLY" originx="335.43307086614" originy="39.960629921259" endx="335.43307086614" endy="-39.960629921259" width="3.9370078740157" />
    <line layer="TOP_ASSEMBLY" originx="335.43307086614" originy="-39.960629921259" endx="160.62992125984" endy="-39.960629921259" width="3.9370078740157" />
    <line layer="TOP_ASSEMBLY" originx="160.62992125984" originy="-39.960629921259" endx="160.62992125984" endy="39.960629921259" width="3.9370078740157" />
    <line layer="TOP_ASSEMBLY" originx="160.62992125984" originy="0" endx="200.5905511811" endy="39.960629921259" width="3.9370078740157" />
    <line layer="TOP_ASSEMBLY" originx="0" originy="0" endx="160.62992125984" endy="0" width="3.9370078740157" />
    <line layer="TOP_ASSEMBLY" originx="335.43307086614" originy="0" endx="496.06299212598" endy="0" width="3.9370078740157" />
    <line layer="TOP_SILKSCREEN" originx="160.62992125984" originy="39.960629921259" endx="335.43307086614" endy="39.960629921259" width="7.8740157480314" />
    <line layer="TOP_SILKSCREEN" originx="335.43307086614" originy="39.960629921259" endx="335.43307086614" endy="-39.960629921259" width="7.8740157480314" />
    <line layer="TOP_SILKSCREEN" originx="335.43307086614" originy="-39.960629921259" endx="160.62992125984" endy="-39.960629921259" width="7.8740157480314" />
    <line layer="TOP_SILKSCREEN" originx="160.62992125984" originy="-39.960629921259" endx="160.62992125984" endy="39.960629921259" width="7.8740157480314" />
    <line layer="TOP_SILKSCREEN" originx="160.62992125984" originy="0" endx="200.5905511811" endy="39.960629921259" width="7.8740157480314" />
    <line layer="TOP_SILKSCREEN" originx="36.417322834645" originy="0" endx="160.62992125984" endy="0" width="7.8740157480314" />
    <line layer="TOP_SILKSCREEN" originx="335.43307086614" originy="0" endx="459.64566929133" endy="0" width="7.8740157480314" />
  </footprint>
  <symbol name="1N750" originx="0" originy="0">
    <line originx="200" originy="80" endx="200" endy="-80" width="0" />
    <line originx="200" originy="80" endx="240" endy="100" width="0" />
    <line originx="160" originy="-100" endx="200" endy="-80" width="0" />
    <line originx="100" originy="0" endx="200" endy="0" width="0" />
    <line originx="500" originy="0" endx="400" endy="0" width="0" />
    <sympin number="1" originx="100" originy="0" rotation="180" length="100" width="7.8740157480315" flipped="False">
      <text name="pinname" originx="140" originy="10" style="Default" rotation="0" justify="left" flipped="False" hidden="True" data="K" />
      <text name="pindes" originx="60" originy="10" style="Default" rotation="0" justify="lowerright" flipped="False" hidden="False" data="1" />
    </sympin>
    <sympin number="2" originx="500" originy="0" rotation="0" length="100" width="7.8740157480315" flipped="False">
      <text name="pinname" originx="460" originy="10" style="Default" rotation="0" justify="right" flipped="False" hidden="True" data="A" />
      <text name="pindes" originx="540" originy="10" style="Default" rotation="0" justify="lowerleft" flipped="False" hidden="False" data="2" />
    </sympin>
    <polygon type="polygon">
      <point x="200" y="0" />
      <point x="400" y="100" />
      <point x="400" y="-100" />
    </polygon>
  </symbol>
  <component name="1N750" designatorprefix="Z" height="0" footprint="DIOAD1256W56L444D203">
    <comppin designator="1" sympin="1" pinswap="0" gateswap="0" gate="1" group="1" side="" type="Any" name="K" />
    <comppin designator="2" sympin="2" pinswap="0" gateswap="0" gate="1" group="1" side="" type="Any" name="A" />
    <attached_symbol gate="1" name="1N750" />
    <pinmap designator="1" footprintpin="1" />
    <pinmap designator="2" footprintpin="2" />
    <text name="Datasheet" originx="0" originy="0" style="Default" rotation="0" justify="" flipped="False" hidden="True" data="https://www.microsemi.com/document-portal/doc_view/10928-sa5-7-datasheet" />
    <text name="Description" originx="0" originy="0" style="Default" rotation="0" justify="" flipped="False" hidden="True" data="Zener Diodes Voltage Regulator" />
    <text name="Manufacturer_Name" originx="0" originy="0" style="Default" rotation="0" justify="" flipped="False" hidden="True" data="Microsemi Corporation" />
    <text name="Manufacturer_Part_Number" originx="400" originy="250" style="Default" rotation="0" justify="left" flipped="False" hidden="False" data="1N750" />
    <text name="Mouser Part Number" originx="0" originy="0" style="Default" rotation="0" justify="" flipped="False" hidden="True" data="494-1N750(DO-35)" />
    <text name="Mouser Price/Stock" originx="0" originy="0" style="Default" rotation="0" justify="" flipped="False" hidden="True" data="https://www.mouser.co.uk/ProductDetail/Microchip-Microsemi/1N750?qs=Xwz%252BGKGy4sB1rzIdx4SmVg%3D%3D" />
    <text name="Arrow Part Number" originx="0" originy="0" style="Default" rotation="0" justify="" flipped="False" hidden="True" data="1N750" />
    <text name="Arrow Price/Stock" originx="0" originy="0" style="Default" rotation="0" justify="" flipped="False" hidden="True" data="https://www.arrow.com/en/products/1n750/microsemi" />
  </component>
</quadcept_library>
