<?xml version="1.0" encoding="utf-8"?>
<!--/302062/744555/2.49/2/4/Diode/-->
<quadcept_library>
  <setting unit="mil" />
  <textstyle name="Default" height="47.244094488189" strokewidth="7.8740157480315" charwidth="47.244094488189" />
  <textstyle name="Dimension" height="19.6850393700787" strokewidth="0" charwidth="19.6850393700787" />
  <textstyle name="H127W0635TH00762" height="50" strokewidth="3" charwidth="25" />
  <textstyle name="H15W15TH02" height="59.0551181102362" strokewidth="7.8740157480315" charwidth="59.0551181102362" />
  <padstyle name="c240_h160" surface="False" plated="True" isvia="False" nopaste="True" nomask="True" complex="False" holesize="62.992125984251">
    <padshape layer="TOP" shape="round" width="94.488188976377" height="94.488188976377" />
    <padshape layer="TOP_SOLDER_MASK" shape="round" width="102.36220472441" height="102.36220472441" />
    <padshape layer="INNER" shape="round" width="94.488188976377" height="94.488188976377" />
    <padshape layer="BOTTOM" shape="round" width="94.488188976377" height="94.488188976377" />
    <padshape layer="BOTTOM_SOLDER_MASK" shape="round" width="102.36220472441" height="102.36220472441" />
  </padstyle>
  <padstyle name="s240_h160" surface="False" plated="True" isvia="False" nopaste="True" nomask="True" complex="False" holesize="62.992125984251">
    <padshape layer="TOP" shape="square" width="94.488188976377" height="94.488188976377" />
    <padshape layer="TOP_SOLDER_MASK" shape="square" width="102.36220472441" height="102.36220472441" />
    <padshape layer="INNER" shape="round" width="94.488188976377" height="94.488188976377" />
    <padshape layer="BOTTOM" shape="square" width="94.488188976377" height="94.488188976377" />
    <padshape layer="BOTTOM_SOLDER_MASK" shape="square" width="102.36220472441" height="102.36220472441" />
  </padstyle>
  <footprint name="DIOAD4191W142L1143D762" originx="0" originy="0" pickpointx="0" pickpointy="0">
    <pcbpin number="1" name="1" style="s240_h160" originx="0" originy="0" rotation="90" />
    <pcbpin number="2" name="2" style="c240_h160" originx="1649.6062992126" originy="0" rotation="90" />
    <line layer="TOP_PLACE_BOUND" originx="-57.086614173228" originy="163.77952755905" endx="1706.6929133858" endy="163.77952755905" width="1.9685039370079" />
    <line layer="TOP_PLACE_BOUND" originx="1706.6929133858" originy="163.77952755905" endx="1706.6929133858" endy="-163.77952755905" width="1.9685039370079" />
    <line layer="TOP_PLACE_BOUND" originx="1706.6929133858" originy="-163.77952755905" endx="-57.086614173228" endy="-163.77952755905" width="1.9685039370079" />
    <line layer="TOP_PLACE_BOUND" originx="-57.086614173228" originy="-163.77952755905" endx="-57.086614173228" endy="163.77952755905" width="1.9685039370079" />
    <line layer="TOP_ASSEMBLY" originx="599.80314960629" originy="150" endx="1049.8031496063" endy="150" width="3.9370078740157" />
    <line layer="TOP_ASSEMBLY" originx="1049.8031496063" originy="150" endx="1049.8031496063" endy="-150" width="3.9370078740157" />
    <line layer="TOP_ASSEMBLY" originx="1049.8031496063" originy="-150" endx="599.80314960629" endy="-150" width="3.9370078740157" />
    <line layer="TOP_ASSEMBLY" originx="599.80314960629" originy="-150" endx="599.80314960629" endy="150" width="3.9370078740157" />
    <line layer="TOP_ASSEMBLY" originx="599.80314960629" originy="0" endx="749.80314960629" endy="150" width="3.9370078740157" />
    <line layer="TOP_ASSEMBLY" originx="0" originy="0" endx="599.80314960629" endy="0" width="3.9370078740157" />
    <line layer="TOP_ASSEMBLY" originx="1049.8031496063" originy="0" endx="1649.6062992126" endy="0" width="3.9370078740157" />
    <line layer="TOP_SILKSCREEN" originx="599.80314960629" originy="150" endx="1049.8031496063" endy="150" width="7.8740157480314" />
    <line layer="TOP_SILKSCREEN" originx="1049.8031496063" originy="150" endx="1049.8031496063" endy="-150" width="7.8740157480314" />
    <line layer="TOP_SILKSCREEN" originx="1049.8031496063" originy="-150" endx="599.80314960629" endy="-150" width="7.8740157480314" />
    <line layer="TOP_SILKSCREEN" originx="599.80314960629" originy="-150" endx="599.80314960629" endy="150" width="7.8740157480314" />
    <line layer="TOP_SILKSCREEN" originx="599.80314960629" originy="0" endx="749.80314960629" endy="150" width="7.8740157480314" />
    <line layer="TOP_SILKSCREEN" originx="61.023622047243" originy="0" endx="599.80314960629" endy="0" width="7.8740157480314" />
    <line layer="TOP_SILKSCREEN" originx="1049.8031496063" originy="0" endx="1588.5826771653" endy="0" width="7.8740157480314" />
  </footprint>
  <symbol name="1N5825" originx="0" originy="0">
    <line originx="200" originy="100" endx="200" endy="-100" width="0" />
    <sympin number="1" originx="200" originy="0" rotation="180" length="100" width="7.8740157480315" flipped="False">
      <text name="pinname" originx="0" originy="-10" style="Default" rotation="0" justify="upperleft" flipped="False" hidden="True" data="K" />
      <text name="pindes" originx="0" originy="10" style="Default" rotation="0" justify="lowerleft" flipped="False" hidden="False" data="1" />
    </sympin>
    <sympin number="2" originx="400" originy="0" rotation="0" length="100" width="7.8740157480315" flipped="False">
      <text name="pinname" originx="600" originy="-10" style="Default" rotation="0" justify="upperright" flipped="False" hidden="True" data="A" />
      <text name="pindes" originx="600" originy="10" style="Default" rotation="0" justify="lowerright" flipped="False" hidden="False" data="2" />
    </sympin>
    <polygon type="polygon">
      <point x="200" y="0" />
      <point x="400" y="100" />
      <point x="400" y="-100" />
    </polygon>
  </symbol>
  <component name="1N5825" designatorprefix="D" height="0" footprint="DIOAD4191W142L1143D762">
    <comppin designator="1" sympin="1" pinswap="0" gateswap="0" gate="1" group="1" side="" type="Any" name="K" />
    <comppin designator="2" sympin="2" pinswap="0" gateswap="0" gate="1" group="1" side="" type="Any" name="A" />
    <attached_symbol gate="1" name="1N5825" />
    <pinmap designator="1" footprintpin="1" />
    <pinmap designator="2" footprintpin="2" />
    <text name="Datasheet" originx="0" originy="0" style="Default" rotation="0" justify="" flipped="False" hidden="True" data="http://www.mouser.com/ds/2/523/1n5823-25-908226.pdf" />
    <text name="Description" originx="0" originy="0" style="Default" rotation="0" justify="" flipped="False" hidden="True" data="Schottky Diodes &amp; Rectifiers Schottky Rectifier, 5A, 350v, 1470pF" />
    <text name="Manufacturer_Name" originx="0" originy="0" style="Default" rotation="0" justify="" flipped="False" hidden="True" data="Microsemi Corporation" />
    <text name="Manufacturer_Part_Number" originx="450" originy="100" style="Default" rotation="0" justify="left" flipped="False" hidden="False" data="1N5825" />
    <text name="Mouser Part Number" originx="0" originy="0" style="Default" rotation="0" justify="" flipped="False" hidden="True" data="494-1N5825" />
    <text name="Mouser Price/Stock" originx="0" originy="0" style="Default" rotation="0" justify="" flipped="False" hidden="True" data="https://www.mouser.co.uk/ProductDetail/Microchip-Microsemi/1N5825/?qs=6jAvgNDGUA9CL%2FdhCw1Tdg%3D%3D" />
    <text name="Arrow Part Number" originx="0" originy="0" style="Default" rotation="0" justify="" flipped="False" hidden="True" data="1N5825" />
    <text name="Arrow Price/Stock" originx="0" originy="0" style="Default" rotation="0" justify="" flipped="False" hidden="True" data="https://www.arrow.com/en/products/1n5825/microsemi" />
  </component>
</quadcept_library>
