<?xml version="1.0" encoding="utf-8"?>
<!--/769908/744555/2.49/3/4/Variable Resistor/-->
<quadcept_library>
  <setting unit="mil" />
  <textstyle name="Default" height="47.244094488189" strokewidth="7.8740157480315" charwidth="47.244094488189" />
  <textstyle name="Dimension" height="19.6850393700787" strokewidth="0" charwidth="19.6850393700787" />
  <textstyle name="H127W0635TH00762" height="50" strokewidth="3" charwidth="25" />
  <textstyle name="H15W15TH02" height="59.0551181102362" strokewidth="7.8740157480315" charwidth="59.0551181102362" />
  <padstyle name="c149.3_h96" surface="False" plated="True" isvia="False" nopaste="True" nomask="True" complex="False" holesize="37.795275590551">
    <padshape layer="TOP" shape="round" width="58.779527559054" height="58.779527559054" />
    <padshape layer="TOP_SOLDER_MASK" shape="round" width="66.653543307086" height="66.653543307086" />
    <padshape layer="INNER" shape="round" width="58.779527559054" height="58.779527559054" />
    <padshape layer="BOTTOM" shape="round" width="58.779527559054" height="58.779527559054" />
    <padshape layer="BOTTOM_SOLDER_MASK" shape="round" width="66.653543307086" height="66.653543307086" />
  </padstyle>
  <footprint name="Y0069500R000J0L" originx="0" originy="0" pickpointx="0" pickpointy="0">
    <pcbpin number="1" name="1" style="c149.3_h96" originx="0" originy="0" rotation="90" />
    <pcbpin number="2" name="2" style="c149.3_h96" originx="99.999999999999" originy="0" rotation="90" />
    <pcbpin number="3" name="3" style="c149.3_h96" originx="200" originy="0" rotation="90" />
    <line layer="TOP_ASSEMBLY" originx="-87.598425196849" originy="-85.039370078739" endx="287.59842519685" endy="-85.039370078739" width="7.8740157480314" />
    <line layer="TOP_ASSEMBLY" originx="287.59842519685" originy="-85.039370078739" endx="287.59842519685" endy="85.039370078739" width="7.8740157480314" />
    <line layer="TOP_ASSEMBLY" originx="287.59842519685" originy="85.039370078739" endx="-87.598425196849" endy="85.039370078739" width="7.8740157480314" />
    <line layer="TOP_ASSEMBLY" originx="-87.598425196849" originy="85.039370078739" endx="-87.598425196849" endy="-85.039370078739" width="7.8740157480314" />
    <line layer="TOP_SILKSCREEN" originx="-87.598425196849" originy="-85.039370078739" endx="288.58267716535" endy="-85.039370078739" width="3.9370078740157" />
    <line layer="TOP_SILKSCREEN" originx="288.58267716535" originy="-85.039370078739" endx="288.58267716535" endy="85.039370078739" width="3.9370078740157" />
    <line layer="TOP_SILKSCREEN" originx="288.58267716535" originy="85.039370078739" endx="-87.598425196849" endy="85.039370078739" width="3.9370078740157" />
    <line layer="TOP_SILKSCREEN" originx="-87.598425196849" originy="85.039370078739" endx="-87.598425196849" endy="-85.039370078739" width="3.9370078740157" />
    <line layer="TOP_PLACE_BOUND" originx="-185.82677165354" originy="124.4094488189" endx="327.95275590551" endy="124.4094488189" width="3.9370078740157" />
    <line layer="TOP_PLACE_BOUND" originx="327.95275590551" originy="124.4094488189" endx="327.95275590551" endy="-124.4094488189" width="3.9370078740157" />
    <line layer="TOP_PLACE_BOUND" originx="327.95275590551" originy="-124.4094488189" endx="-185.82677165354" endy="-124.4094488189" width="3.9370078740157" />
    <line layer="TOP_PLACE_BOUND" originx="-185.82677165354" originy="-124.4094488189" endx="-185.82677165354" endy="124.4094488189" width="3.9370078740157" />
    <line layer="TOP_SILKSCREEN" originx="-146.45669291338" originy="0" endx="-146.45669291338" endy="0" width="7.8740157480314" />
    <arc layer="TOP_SILKSCREEN" originx="-144.48818897638" originy="0" startangle="180.0" sweepangle="180.0" radius="1.9685039370079" width="7.8740157480314" />
    <line layer="TOP_SILKSCREEN" originx="-142.51968503937" originy="0" endx="-142.51968503937" endy="0" width="7.8740157480314" />
    <arc layer="TOP_SILKSCREEN" originx="-144.48818897638" originy="0" startangle=".0" sweepangle="180.0" radius="1.9685039370079" width="7.8740157480314" />
    <line layer="TOP_SILKSCREEN" originx="-146.45669291338" originy="0" endx="-146.45669291338" endy="0" width="7.8740157480314" />
    <arc layer="TOP_SILKSCREEN" originx="-144.48818897638" originy="0" startangle="180.0" sweepangle="180.0" radius="1.9685039370079" width="7.8740157480314" />
  </footprint>
  <symbol name="Y0069500R000J0L" originx="0" originy="0">
    <line originx="200" originy="100" endx="800" endy="100" width="0" />
    <line originx="800" originy="-300" endx="800" endy="100" width="0" />
    <line originx="800" originy="-300" endx="200" endy="-300" width="0" />
    <line originx="200" originy="100" endx="200" endy="-300" width="0" />
    <sympin number="1" originx="200" originy="0" rotation="180" length="100" width="7.8740157480315" flipped="False">
      <text name="pinname" originx="230" originy="0" style="Default" rotation="0" justify="left" flipped="False" hidden="False" data="CCW" />
      <text name="pindes" originx="140" originy="20" style="Default" rotation="0" justify="lowerright" flipped="False" hidden="False" data="1" />
    </sympin>
    <sympin number="2" originx="200" originy="-100" rotation="180" length="100" width="7.8740157480315" flipped="False">
      <text name="pinname" originx="230" originy="-100" style="Default" rotation="0" justify="left" flipped="False" hidden="False" data="WIPER" />
      <text name="pindes" originx="140" originy="-80" style="Default" rotation="0" justify="lowerright" flipped="False" hidden="False" data="2" />
    </sympin>
    <sympin number="3" originx="200" originy="-200" rotation="180" length="100" width="7.8740157480315" flipped="False">
      <text name="pinname" originx="230" originy="-200" style="Default" rotation="0" justify="left" flipped="False" hidden="False" data="CW" />
      <text name="pindes" originx="140" originy="-180" style="Default" rotation="0" justify="lowerright" flipped="False" hidden="False" data="3" />
    </sympin>
  </symbol>
  <component name="Y0069500R000J0L" designatorprefix="VR" height="499.99999999999" footprint="Y0069500R000J0L">
    <comppin designator="1" sympin="1" pinswap="0" gateswap="0" gate="1" group="1" side="" type="Any" name="CCW" />
    <comppin designator="2" sympin="2" pinswap="0" gateswap="0" gate="1" group="1" side="" type="Any" name="WIPER" />
    <comppin designator="3" sympin="3" pinswap="0" gateswap="0" gate="1" group="1" side="" type="Any" name="CW" />
    <attached_symbol gate="1" name="Y0069500R000J0L" />
    <pinmap designator="1" footprintpin="1" />
    <pinmap designator="2" footprintpin="2" />
    <pinmap designator="3" footprintpin="3" />
    <text name="Datasheet" originx="0" originy="0" style="Default" rotation="0" justify="" flipped="False" hidden="True" data="http://www.vishaypg.com/docs/63054/Accutrim_1260_RJ24.pdf" />
    <text name="Description" originx="0" originy="0" style="Default" rotation="0" justify="" flipped="False" hidden="True" data="Trimmer Resistors - Through Hole 500ohms 1/4w 9.53mm sq seal" />
    <text name="Manufacturer_Name" originx="0" originy="0" style="Default" rotation="0" justify="" flipped="False" hidden="True" data="Vishay" />
    <text name="Manufacturer_Part_Number" originx="850" originy="200" style="Default" rotation="0" justify="left" flipped="False" hidden="False" data="Y0069500R000J0L" />
    <text name="Mouser Part Number" originx="0" originy="0" style="Default" rotation="0" justify="" flipped="False" hidden="True" data="71-1260W-J-500" />
    <text name="Mouser Price/Stock" originx="0" originy="0" style="Default" rotation="0" justify="" flipped="False" hidden="True" data="https://www.mouser.co.uk/ProductDetail/Vishay-Precision-Group-Foil-Resistors/Y0069500R000J0L?qs=Omyi%252BwOkBJXcX3twqDvNbQ%3D%3D" />
    <text name="Arrow Part Number" originx="0" originy="0" style="Default" rotation="0" justify="" flipped="False" hidden="True" data="" />
    <text name="Arrow Price/Stock" originx="0" originy="0" style="Default" rotation="0" justify="" flipped="False" hidden="True" data="" />
  </component>
</quadcept_library>
